{
   "refAction" : "mao_lv01",
   "scale" : {
      "x" : 0.6299999952316284,
      "y" : 0.6299999952316284
   }
}
